-- phpMyAdmin SQL Dump
-- version 5.2.1
-- https://www.phpmyadmin.net/
--
-- Host: 127.0.0.1
-- Generation Time: Sep 16, 2025 at 01:52 PM
-- Server version: 10.4.32-MariaDB
-- PHP Version: 8.2.12

SET SQL_MODE = "NO_AUTO_VALUE_ON_ZERO";
START TRANSACTION;
SET time_zone = "+00:00";


/*!40101 SET @OLD_CHARACTER_SET_CLIENT=@@CHARACTER_SET_CLIENT */;
/*!40101 SET @OLD_CHARACTER_SET_RESULTS=@@CHARACTER_SET_RESULTS */;
/*!40101 SET @OLD_COLLATION_CONNECTION=@@COLLATION_CONNECTION */;
/*!40101 SET NAMES utf8mb4 */;

--
-- Database: `attendance`
--

-- --------------------------------------------------------

--
-- Table structure for table `admins`
--

CREATE TABLE `admins` (
  `admin_id` int(10) UNSIGNED NOT NULL,
  `username` varchar(50) NOT NULL,
  `password_hash` text NOT NULL,
  `fingerprint_hash` text DEFAULT NULL,
  `rfid_code` varchar(100) DEFAULT NULL,
  `role_id` int(10) UNSIGNED DEFAULT NULL,
  `department_id` int(10) UNSIGNED DEFAULT NULL
) ENGINE=InnoDB DEFAULT CHARSET=utf8mb4 COLLATE=utf8mb4_unicode_ci;

--
-- Dumping data for table `admins`
--

INSERT INTO `admins` (`admin_id`, `username`, `password_hash`, `fingerprint_hash`, `rfid_code`, `role_id`, `department_id`) VALUES
(1, 'tresmongos', '59421b3acceedf2de9db06fe3f4fc0749abe5db2d854b82642935085a26a2494', NULL, NULL, 1, NULL),
(4, 'ade', '2be483541aaec14938143d098cf93c8ff07de57e6cd656e1c5d871456a9445e8', NULL, NULL, 2, 1);

-- --------------------------------------------------------

--
-- Table structure for table `attendance_logs`
--

CREATE TABLE `attendance_logs` (
  `log_id` int(10) UNSIGNED NOT NULL,
  `employee_id` int(10) UNSIGNED DEFAULT NULL,
  `time_in` datetime NOT NULL,
  `time_out` datetime DEFAULT NULL,
  `method` enum('rfid','fingerprint') NOT NULL,
  `kiosk_id` int(10) UNSIGNED DEFAULT NULL
) ENGINE=InnoDB DEFAULT CHARSET=utf8mb4 COLLATE=utf8mb4_unicode_ci;

--
-- Dumping data for table `attendance_logs`
--

INSERT INTO `attendance_logs` (`log_id`, `employee_id`, `time_in`, `time_out`, `method`, `kiosk_id`) VALUES
(1, 22, '2025-08-29 22:05:40', NULL, 'fingerprint', 1),
(2, 21, '2025-08-29 22:05:50', NULL, 'fingerprint', 1),
(3, 25, '2025-08-29 22:06:06', NULL, 'rfid', 1),
(4, 22, '2025-08-29 22:06:22', NULL, 'fingerprint', 1),
(5, 25, '2025-08-29 22:06:38', NULL, 'fingerprint', 1),
(6, 22, '2025-08-29 22:06:45', NULL, 'fingerprint', 1),
(7, 22, '2025-08-29 22:13:18', NULL, 'fingerprint', 1),
(8, 25, '2025-08-29 22:13:26', NULL, 'fingerprint', 1),
(9, 21, '2025-08-29 22:13:33', NULL, 'fingerprint', 1),
(10, 21, '2025-08-29 22:13:48', NULL, 'fingerprint', 1),
(11, 21, '2025-08-29 22:17:17', NULL, 'fingerprint', 1),
(12, 21, '2025-08-29 22:17:22', NULL, 'fingerprint', 1),
(13, 21, '2025-08-29 22:22:49', NULL, 'fingerprint', 1),
(14, 21, '0000-00-00 00:00:00', '2025-08-29 22:22:54', '', 1),
(15, 21, '2025-08-29 22:22:54', NULL, 'fingerprint', 1),
(16, 22, '2025-08-29 22:25:08', NULL, 'fingerprint', 1),
(17, 22, '0000-00-00 00:00:00', '2025-08-29 22:25:13', '', 1),
(18, 22, '2025-08-29 22:25:13', NULL, 'fingerprint', 1),
(19, 24, '2025-08-30 14:16:43', NULL, 'fingerprint', 1),
(20, 23, '2025-08-30 14:16:49', NULL, 'fingerprint', 1),
(21, 25, '2025-08-30 14:16:57', '2025-08-30 15:03:25', 'fingerprint', 1),
(22, 21, '2025-08-30 14:17:09', '2025-08-30 15:10:15', 'fingerprint', 1),
(23, 21, '0000-00-00 00:00:00', '2025-08-30 14:17:14', '', 1),
(24, 21, '2025-08-30 14:17:14', '2025-08-30 15:02:05', 'fingerprint', 1),
(25, 21, '2025-08-30 14:21:29', '2025-08-30 14:48:42', 'fingerprint', 1),
(26, 21, '0000-00-00 00:00:00', '2025-08-30 14:21:38', '', 1),
(27, 21, '2025-08-30 14:21:38', '2025-08-30 14:42:15', 'fingerprint', 1),
(28, 21, '0000-00-00 00:00:00', '2025-08-30 14:23:18', '', 1),
(29, 21, '2025-08-30 14:23:18', '2025-08-30 14:41:45', 'fingerprint', 1),
(30, 25, '2025-08-30 14:23:56', '2025-08-30 15:02:16', 'fingerprint', 1),
(31, 25, '0000-00-00 00:00:00', '2025-08-30 14:25:30', '', 1),
(32, 25, '2025-08-30 14:25:30', '2025-08-30 14:48:13', 'fingerprint', 1),
(33, 25, '2025-08-30 14:28:58', '2025-08-30 14:48:05', 'fingerprint', 1),
(34, 21, '2025-08-30 14:29:24', '2025-08-30 14:38:16', 'fingerprint', 1),
(35, 25, '2025-08-30 14:30:06', '2025-08-30 14:35:24', 'fingerprint', 1),
(36, 25, '0000-00-00 00:00:00', '2025-08-30 14:31:19', '', 1),
(37, 22, '2025-08-30 14:39:19', '2025-08-30 14:40:29', 'fingerprint', 1),
(38, 22, '2025-08-30 14:41:32', '2025-08-30 14:43:04', 'fingerprint', 1),
(39, 22, '2025-08-30 14:48:30', '2025-08-30 14:50:48', 'fingerprint', 1),
(40, 21, '2025-08-30 15:12:20', '2025-08-30 15:13:31', 'fingerprint', 1),
(41, 25, '2025-08-30 15:14:04', '2025-08-30 15:15:15', 'rfid', 1),
(42, 22, '2025-08-31 19:50:05', '2025-08-31 19:51:15', 'fingerprint', 1),
(43, 22, '2025-08-31 19:56:49', '2025-08-31 19:57:54', 'fingerprint', 1),
(44, 21, '2025-08-31 20:03:28', '2025-08-31 20:04:24', 'fingerprint', 1),
(45, 22, '2025-09-03 01:40:13', '2025-09-03 01:55:38', 'fingerprint', 1),
(46, 21, '2025-09-03 01:40:20', '2025-09-03 01:55:44', 'fingerprint', 1),
(47, 25, '2025-09-03 02:14:34', '2025-09-03 02:14:40', 'fingerprint', 1),
(48, 25, '2025-09-03 02:14:43', '2025-09-03 02:56:47', 'fingerprint', 1),
(49, 21, '2025-09-03 02:56:41', '2025-09-03 03:11:04', 'fingerprint', 1),
(50, 25, '2025-09-03 02:56:49', '2025-09-03 03:12:09', 'fingerprint', 1),
(51, 21, '2025-09-03 03:11:05', '2025-09-03 03:12:36', 'fingerprint', 1),
(52, 25, '2025-09-03 03:12:11', '2025-09-03 03:22:37', 'fingerprint', 1),
(53, 21, '2025-09-03 03:12:38', '2025-09-03 03:13:51', 'fingerprint', 1),
(54, 21, '2025-09-03 03:22:50', '2025-09-03 03:24:01', 'fingerprint', 1),
(55, 25, '2025-09-03 03:25:01', '2025-09-03 03:48:46', 'fingerprint', 1),
(56, 21, '2025-09-03 03:48:49', '2025-09-03 03:55:42', 'fingerprint', 1),
(57, 22, '2025-09-03 03:49:07', '2025-09-03 03:55:38', 'fingerprint', 1),
(58, 25, '2025-09-03 03:55:12', '2025-09-03 03:55:35', 'rfid', 1),
(59, 21, '2025-09-03 03:55:43', '2025-09-03 03:58:58', 'fingerprint', 1),
(60, 22, '2025-09-03 03:58:43', '2025-09-03 04:10:01', 'fingerprint', 1),
(61, 21, '2025-09-03 04:10:27', NULL, 'fingerprint', 1),
(62, 22, '2025-09-03 04:10:37', '2025-09-03 04:10:59', 'fingerprint', 1),
(63, 25, '2025-09-03 04:10:43', '2025-09-03 04:14:34', 'fingerprint', 1),
(64, 26, '2025-09-03 04:10:54', NULL, 'fingerprint', 1),
(65, 22, '2025-09-07 01:42:51', '2025-09-07 02:37:42', 'fingerprint', 1),
(66, 21, '2025-09-07 02:16:23', NULL, 'fingerprint', 1),
(67, 28, '2025-09-07 02:22:01', '2025-09-07 02:36:56', 'fingerprint', 1),
(68, 29, '2025-09-07 02:23:12', '2025-09-07 02:36:51', 'rfid', 1),
(69, 25, '2025-09-07 02:37:47', NULL, 'fingerprint', 1),
(70, 26, '2025-09-07 02:37:53', NULL, 'fingerprint', 1),
(71, 30, '2025-09-07 19:59:28', '2025-09-07 20:00:51', 'fingerprint', 1),
(72, 25, '2025-09-13 01:21:09', '2025-09-13 01:24:52', 'fingerprint', 1),
(73, 26, '2025-09-13 01:38:01', '2025-09-13 01:41:12', 'fingerprint', 1),
(74, 21, '2025-09-13 01:38:09', NULL, 'fingerprint', 1),
(75, 28, '2025-09-13 01:38:10', NULL, 'fingerprint', 1),
(76, 29, '2025-09-13 01:38:12', NULL, 'fingerprint', 1),
(77, 25, '2025-09-13 01:38:58', '2025-09-13 01:55:53', 'fingerprint', 1),
(79, 35, '2025-09-13 02:27:57', '2025-09-13 02:32:22', 'fingerprint', 1),
(80, 35, '2025-09-13 02:41:01', '2025-09-13 02:52:00', 'fingerprint', 1),
(81, 35, '2025-09-13 02:52:18', NULL, 'fingerprint', 1);

-- --------------------------------------------------------

--
-- Table structure for table `departments`
--

CREATE TABLE `departments` (
  `department_id` int(10) UNSIGNED NOT NULL,
  `department_name` varchar(100) NOT NULL
) ENGINE=InnoDB DEFAULT CHARSET=utf8mb4 COLLATE=utf8mb4_unicode_ci;

--
-- Dumping data for table `departments`
--

INSERT INTO `departments` (`department_id`, `department_name`) VALUES
(1, 'Computer Studies'),
(2, 'Human Resources'),
(3, 'Finance'),
(4, 'Marketing');

-- --------------------------------------------------------

--
-- Table structure for table `dtr_detail_overrides`
--

CREATE TABLE `dtr_detail_overrides` (
  `override_id` bigint(20) UNSIGNED NOT NULL,
  `report_id` int(10) UNSIGNED NOT NULL,
  `employee_id` int(10) UNSIGNED NOT NULL,
  `date` date NOT NULL,
  `status_override` enum('leave') NOT NULL DEFAULT 'leave',
  `remarks` varchar(255) DEFAULT NULL,
  `created_at` timestamp NOT NULL DEFAULT current_timestamp()
) ENGINE=InnoDB DEFAULT CHARSET=utf8mb4 COLLATE=utf8mb4_unicode_ci;

-- --------------------------------------------------------

--
-- Table structure for table `dtr_reports`
--

CREATE TABLE `dtr_reports` (
  `report_id` int(10) UNSIGNED NOT NULL,
  `admin_id` int(10) UNSIGNED DEFAULT NULL,
  `department_id` int(10) UNSIGNED DEFAULT NULL,
  `report_type` enum('weekly','monthly','custom') NOT NULL,
  `report_title` varchar(255) DEFAULT NULL,
  `start_date` date NOT NULL,
  `end_date` date NOT NULL,
  `generated_on` datetime NOT NULL DEFAULT current_timestamp(),
  `file_path` varchar(500) DEFAULT NULL,
  `total_employees` int(11) NOT NULL DEFAULT 0,
  `total_days` int(11) NOT NULL DEFAULT 0,
  `total_hours` decimal(10,2) NOT NULL DEFAULT 0.00,
  `status` enum('generated','archived','deleted') NOT NULL DEFAULT 'generated',
  `notes` text DEFAULT NULL
) ENGINE=InnoDB DEFAULT CHARSET=utf8mb4 COLLATE=utf8mb4_unicode_ci;

-- --------------------------------------------------------

--
-- Table structure for table `dtr_report_details`
--

CREATE TABLE `dtr_report_details` (
  `detail_id` int(10) UNSIGNED NOT NULL,
  `report_id` int(10) UNSIGNED NOT NULL,
  `employee_id` int(10) UNSIGNED NOT NULL,
  `date` date NOT NULL,
  `time_in` datetime DEFAULT NULL,
  `time_out` datetime DEFAULT NULL,
  `total_hours` decimal(5,2) NOT NULL DEFAULT 0.00,
  `overtime_hours` decimal(5,2) NOT NULL DEFAULT 0.00,
  `status` enum('present','absent','incomplete','holiday','weekend') NOT NULL DEFAULT 'absent',
  `remarks` varchar(255) DEFAULT NULL
) ENGINE=InnoDB DEFAULT CHARSET=utf8mb4 COLLATE=utf8mb4_unicode_ci;

-- --------------------------------------------------------

--
-- Table structure for table `dtr_report_summaries`
--

CREATE TABLE `dtr_report_summaries` (
  `summary_id` int(10) UNSIGNED NOT NULL,
  `report_id` int(10) UNSIGNED NOT NULL,
  `employee_id` int(10) UNSIGNED NOT NULL,
  `total_days` int(11) NOT NULL DEFAULT 0,
  `present_days` int(11) NOT NULL DEFAULT 0,
  `absent_days` int(11) NOT NULL DEFAULT 0,
  `incomplete_days` int(11) NOT NULL DEFAULT 0,
  `total_hours` decimal(10,2) NOT NULL DEFAULT 0.00,
  `overtime_hours` decimal(10,2) NOT NULL DEFAULT 0.00,
  `average_hours_per_day` decimal(5,2) NOT NULL DEFAULT 0.00,
  `attendance_rate` decimal(5,2) NOT NULL DEFAULT 0.00
) ENGINE=InnoDB DEFAULT CHARSET=utf8mb4 COLLATE=utf8mb4_unicode_ci;

-- --------------------------------------------------------

--
-- Table structure for table `employees`
--

CREATE TABLE `employees` (
  `employee_id` int(10) UNSIGNED NOT NULL,
  `full_name` varchar(100) NOT NULL,
  `employment_type` enum('full_time','part_time','cos') DEFAULT NULL,
  `fingerprint_hash` longblob DEFAULT NULL,
  `rfid_code` varchar(100) DEFAULT NULL,
  `department_id` int(10) UNSIGNED DEFAULT NULL,
  `photo_path` varchar(500) DEFAULT NULL,
  `photo_data` longblob DEFAULT NULL,
  `photo_content_type` varchar(50) DEFAULT NULL
) ENGINE=InnoDB DEFAULT CHARSET=utf8mb4 COLLATE=utf8mb4_unicode_ci;

--
-- Dumping data for table `employees`
--

INSERT INTO `employees` (`employee_id`, `full_name`, `employment_type`, `fingerprint_hash`, `rfid_code`, `department_id`, `photo_path`, `photo_data`, `photo_content_type`) VALUES
(1, 'John Smith', 'full_time', NULL, 'RFID001', 1, NULL, NULL, NULL),
(2, 'Sarah Johnson', 'full_time', NULL, 'RFID002', 1, NULL, NULL, NULL),
(3, 'Michael Brown', NULL, NULL, 'RFID003', 1, NULL, NULL, NULL),
(4, 'Emily Davis', NULL, NULL, 'RFID004', 1, NULL, NULL, NULL),
(5, 'David Wilson', NULL, NULL, 'RFID005', 1, NULL, NULL, NULL),
(6, 'Lisa Anderson', NULL, NULL, 'RFID006', 2, NULL, NULL, NULL),
(7, 'Robert Taylor', NULL, NULL, 'RFID007', 2, NULL, NULL, NULL),
(8, 'Jennifer Martinez', NULL, NULL, 'RFID008', 2, NULL, NULL, NULL),
(9, 'Christopher Garcia', NULL, NULL, 'RFID009', 2, NULL, NULL, NULL),
(10, 'Amanda Rodriguez', NULL, NULL, 'RFID010', 2, NULL, NULL, NULL),
(11, 'James Lee', NULL, NULL, 'RFID011', 3, NULL, NULL, NULL),
(12, 'Michelle White', NULL, NULL, 'RFID012', 3, NULL, NULL, NULL),
(13, 'Daniel Clark', NULL, NULL, 'RFID013', 3, NULL, NULL, NULL),
(14, 'Jessica Hall', NULL, NULL, 'RFID014', 3, NULL, NULL, NULL),
(15, 'Kevin Lewis', NULL, NULL, 'RFID015', 3, NULL, NULL, NULL),
(16, 'Ashley Young', NULL, NULL, 'RFID016', 4, NULL, NULL, NULL),
(17, 'Matthew Allen', NULL, NULL, 'RFID017', 4, NULL, NULL, NULL),
(18, 'Nicole King', NULL, NULL, 'RFID018', 4, NULL, NULL, NULL),
(19, 'Steven Wright', NULL, NULL, 'RFID019', 4, NULL, NULL, NULL),
(20, 'Rachel Green', NULL, NULL, 'RFID020', 4, NULL, NULL, NULL),
(35, 'Klenth Joeseph D. Cañedo', 'full_time', NULL, '2332317701', 1, NULL, 0xffd8ffe000104a46494600010101006000600000ffdb0043000503040404030504040405050506070c08070707070f0b0b090c110f1212110f111113161c1713141a1511111821181a1d1d1f1f1f13172224221e241c1e1f1effdb0043010505050706070e08080e1e1411141e1e1e1e1e1e1e1e1e1e1e1e1e1e1e1e1e1e1e1e1e1e1e1e1e1e1e1e1e1e1e1e1e1e1e1e1e1e1e1e1e1e1e1e1e1e1e1e1e1effc000110800a8012c03012200021101031101ffc4001f0000010501010101010100000000000000000102030405060708090a0bffc400b5100002010303020403050504040000017d01020300041105122131410613516107227114328191a1082342b1c11552d1f02433627282090a161718191a25262728292a3435363738393a434445464748494a535455565758595a636465666768696a737475767778797a838485868788898a92939495969798999aa2a3a4a5a6a7a8a9aab2b3b4b5b6b7b8b9bac2c3c4c5c6c7c8c9cad2d3d4d5d6d7d8d9dae1e2e3e4e5e6e7e8e9eaf1f2f3f4f5f6f7f8f9faffc4001f0100030101010101010101010000000000000102030405060708090a0bffc400b51100020102040403040705040400010277000102031104052131061241510761711322328108144291a1b1c109233352f0156272d10a162434e125f11718191a262728292a35363738393a434445464748494a535455565758595a636465666768696a737475767778797a82838485868788898a92939495969798999aa2a3a4a5a6a7a8a9aab2b3b4b5b6b7b8b9bac2c3c4c5c6c7c8c9cad2d3d4d5d6d7d8d9dae2e3e4e5e6e7e8e9eaf2f3f4f5f6f7f8f9faffda000c03010002110311003f00fb02d2e22bab68ee6070f148a19587706a5af33f855e21314c744bc7c2b926024f46eebf8ff3fad7a6524ee0145145300a470194a9e8452d1403d4f27f1bdb1b4d44ca0636b7e94cd1f502b85ce6ba4f88b661d37e3ef2f35e6f6770d0cc6263ca9ac9bb33382bab1e8d0de864ceec1157ad6f0b0e483e86b8cb5bdca8e6b4adaf42e01356989c4ea7ed00af5c531a7cf7ac44bee3934e376a79dd5571599a6f2e7a1aad24993551ae548e0d34cbc727345c7624908e4d5398fd6a479463ad569e418ce686c6472b645539f39fbc6a596407a1aafac4b1699651de6a3345690c87e4699b6eefa0ef4926c57b1148ddaab939e339ac97f177870ca636d5ad908207cedb47d7278aba2faca545786ee0951ce159240c0fd08a1a682e9ec3a63cd5594f1ef52bca1bee906abca46ece3a52b810b706ab4b53b9aaf2548c81c5569880a6ad39aad3f4cd265197760b32ae3be4d10a00858f19a90fceecdea702948da3159adca2071d6ab483ad599339a81c0e734ee4959c66a17153bf06a36f4a96c64047ad46d9a998546fde93632227d46298fda9ed83f85318f6a570219718a81baf4a9dc54449ec05481eabe1ad546a7a7c57d6ee44d1e0920f3ec6bddbc17aec7aee90b31205cc5849d7dfb1fc7fc6be4d83507f0af8c8c10f36172a92c6a7b061c8fa6723f0af62f096b4349d46df53b662f6738c48a3ba9ea3ea3fa5694ea59d99ebe2b00e1a25e87b65151dbcd15c411cf0b878e450cac3b83525751e405145140185e32b7f3b4d271c8af14d794db5e0906473835efbab47e6d8c8b8cf15e27e32b6c492023a1acaa2ea445da562a58ddee03e7adab7b81eb9ae1ac6e7cb9704f4adfb4bbe073c524ee5b474e93af7506a7172bfdc5fd6b062ba07f8854ff68e833c55dc5636d6e171fead4fe75289948fb8a3f3ac682705b35644c318cf34c2c5e332f74155356bfd3f4cd326d535590c36702ee6d8a59dbd80fea6a269c019cd7ce7fb40ebb2ea7e28115a97682ca2117249193c923d0678fc2b4a71527a99cee96837e257c63d72ef5345d1669b4882dd9845e48d8cc3d49ea4fd7f2af39d4bc4facea92b5cea77f7573249925a690b12739ef5872dc3cb3e66767dbd326abcd747248e4d74edb19721a32ea732ef6f309f5cd5dd3fc5ba8da205f3d991461549fbb9eb8ae56495d8f348ae4b1c9a965729df68ff001135ed36f55edefa531f568d9b729fa835ea3a47c58b0b8815efa2dacc304c5c8cfd3b0af9d629b636ec8ce314fb2b968a424b707b564e098f547d7fa1ea967ad69e97d612896161c91d8fa1f7a9ae43edf93686f715e35fb3a6b9349a9ea3a534c7c99104eb1e7f881c1c7e0457b4c84573cd59971d519c24b8c91242ab8ee1b39fd2a19ddf0428049f7ab93375c1aa511deace7f88f1593668885410a0151f9d432b3f65cfb66acc99150bfd71480aec5b3d2a072d9c638ab0fcf4a864cd2158af23107a544cc71d2a6931d6a06149b191339a85dc93d2a57e2a227f3a860464f078e6984e47439a731a6126a5b191b13df22a26393d6a573511ebd45080f56d1344d2eebfb3352d42d926711b5b3798bb946d9188e3e8c2a3d2e49745f11ea3a05e46eba779c3ecd3904a2ee1b946ee9d0e0fd2b7749467b1bcb26c1fb35d192323fbaea38fcd0d5cd4b4f8b57d38584d2795f6850ab26394914e55aa79aceccfd13174635e1e9ff0ebf03b1f873ab3db48743bc7e092602dd8f75fc7a8aef6bc3b4c7952e27d2a69f7ea5a715224030654c02187bf4af5af0a6aebabe98b23102e23c2ccbefebf435db4a7ccac7c5636872cb9d7ccd7a28a2b63cf239d7742c3dabc8fc736e04cfc77af5e7fba6bcd7c750e0bb63d6a64ae8c9bb4cf1fbf1e4dd123a1356ecaec151f3543ae2753deb2eda6dadd715ce9d99d1ba3ab86eb9eb5762bac8c66b9986e09c60d5e8e62475ad6e41d04775b6a75bbc8eb58314cc57af4a9a2958f145c0bbaddf3c3a4dd4b1e4958c9e3b0af9f7e2b6b1677112c3a6dac36f1b1fdeac65989200e493d7bd7bceb363aa37862faf22b594c09112f26df947e35f29eaf333c93306043374072073d2bb28ec67257660489805875a856177ce149fc2b5ecb4ebcbc71e5c4db49ebdabb6d1fc3b0c56e3ce0a588e6aa5351dca853723cc0dacd9ff5669d2d8ce177796457aacfa25aa1c88c0cfb567df69b0ed3c0c0158bac8dd61db4796c9b94e18629b1b1dc4f18ae9f57d3146485e6b9ab989e16231d29a95cca749c346765f0526921f887a794660ac5d5f1ce4153ff00d6afa7ddb22be3ef076a32e97e22b2be4729e5cca5b1dd73c8fcb35f5c5b4c25b649010772e6b0aaecc94457cdb22600e09f947e34ce0201ed4b703cc9d73d179a6be0573dca2190f3503f3524ac339a80b1ef4ae035aabc8c31ef5248e6ab3b64d2b8ec35ce7bd44f8a731e6a290d4b616237c66a163d453e427e950bb609c9a86c76119bd6a26639c50ed91d314448d2b854049a40222b390aa339ad28b4f0231bb39ef53d95a2c2013cb77c8ab44127a5170b9e99e1e52fa85f6d2479908661d7386e3f99abb7aa574b9278cf3030900fa75fd335cc78375c864f1144b337cd39f2b38e39e07eb8aea9942dccd6f27dd6c822b094949dd1fa0e1a6da57e962beae2dbcd3acc0805da5b8952519c955e4afbf04f15ade19d616de7b6d66c4efb49c62655e98eff00e22b9cb1765b58d58e5ace668df3fdd271fe15ce7847591e1df15def856f1b1672b936e7b2a9e547e00ff315bd1a96673e6797de2dad6dbfa7f563e9a8258e7852689c3c6ea195877069f5c6f823526b798e9372df293ba06cf1cf381ec7a8ff00ebd7655e945dd5cf88ab4dd3972b11fee9af3df1c85c3e7bd7a0bfdd35e6df120afd8ee4bc8d1284237a9c1048edef5718df438ab3b48f21f11dfd95bcac92dc22927ebfcab13204a0af21bd2b6f44b6b2bad4218ae626f36142c44aa0ee278c9f5a8ef3ce8af67165a5990093198d01ec076e9573c0dd734199ac7a8be59221b6070383f9569dbabb60006ba5f02781fc47aa6a0b777d652e9b68570c6e0e0b74c6d4ebf8f15ebda1f85748d28074804d30ff0096928cfe43a0ae795170766cea855535748f2bf0df82f58d576c8b0fd9e03ff2d651807e83a9af46f0ff0081748d336c93a9bd9c77907ca3e8bfe35d5d15492436ce47e3022afc2ed7d51bca0b66c46de31820e3e95f0be8da345a9eb62029fba0d97f715f7bfc46b7175e02d7adcb052fa7cc01271cec247eb5f25fc34d0d1acee350954e5a52a188e8075fe75b46568b08abb20d4749b4b458e2b4855114606074aa0f04a07ca4d59f14f8c34ab7b968e0b695b69da491dbdab1e2f17e9139086468cb71865ae69a93d4eba725b16640db4ee1591a96e58c90a79ad93731480346c1948ed59fa8dc5b22132c8883dcd46e74c1a472f7b116e0d739acd9e632cabd39ae9750d42c72717087e87359ccd0dc865570c08ab8c9a63ab18ce27216c83cf8c63f8c7f3afad3470906956b10240112f5393d2be6bf0a6946f3c6761a7b26f57b950c31fc39c9fd2beb5fb05aa46a8b00da0638a8c44b63cd8aee62871cb0e73dea2924c9adc7b6840ff5431f4a81ed2df19118ae6e628c46606abcc7d2b665b387fb847e75524b28b391ba973058cb3ea6a17c60d69cd691ed3f330aaad691f5ded45c2c67b903a1aaee4fad684968a4f121fcaabbdafa482a7982c5176a81dc67a66adcb6d20e8c0d51b986e114b2a83f4343b012468d238551926b6ac6d5604071f31eb55f458c7d95646c6e6e7e95a0a79a97d84c1b20d19f534e614d2714d211461b831ca935acac8c8e187a823915ecd733fdaa28352452a278d6500f60c33fd6be74bebe9238a365963405f1ef5ee3f0eefbedfe108ede600bd9b6cddfec372bfaee1f8544f0fec5b4b63eaf27c77b5b296e8b4e026ad226d1b2ee3cff00c085709f17edbc88ec758895967e62765ec4720e7d7afe55e897d6cdf64fb544cac6dcefc77c77aa1ad69b65add835b5ca878642245c7a8f4f4a84dc4fab8493b3f93febd08be17f8b06b7a1c56d72fe5ea16aa0a9ce377d3f98fc6bdc3c39aa26a9a7ac9b879c9f2c83dfd7f1af9275f59fc2fe285d4748b67482da04320527072c475eddabd5bc15f1134b49ad2f609415b9c24912649273d001efd3debbe84cf90cf72ef632bc568f547b8c9f74d705e3ad3a4d4b4db9b78a3679245f9540c924723f502bbde1d73ce08e86848d13eea807d715d89d8f8fa907291e31e11f877addfce97dac22e9abf74a1f9a4651ec3a67dff2af4fd0bc31a3e8cbfe896a0c99cf98ff003367fa7e15b540ad1d595acb626387827ccf56271d296930339c734b591d095828a28a02c7937ed2924c9a0e981657484cd219029e0fca00cfe67f3af1bd2646b1f025e79418bbccc131d7042fff005ebdbff68cb0b8bcf06c32c285e3867c4b8fe10c383f981f9d78cda990f8620b14203acb223b81d47ca7fafe952e563a6318ba69f53c83c4526a2242d069f1797eaed963f85734a6796ebf796a14e71c2e2bd6b5ed22ca489b08c181fbdbbad615b6916a8c36a64fbf349544915ec9bd4c7b037296ac402028ac0d6ae1e727cc56600e2bd39f4b58f4c95b6edc8ae10da06b968f1deb28cd5f53a3d9b71d0e4fcdb48c157b6666ce335a5a5c76ece1e10573d8d740345dc3706c01ed54dac7c9b8f94e79ad6524f63185392d58ef086b13f87bc4f2eab058db5c49b7cb43306217d48c11cf6afa7b4a945f6936b7aaa516e2149429fe1dc01c7eb5f2ee8b6cfa8ebd169d131fdf5c2440fa12c057d63636d1db59436d08c470c6a883d001815cd55dd91560a29328cb1b6de1bf3aacd13a82430f7e2b6248fd4555921e08acac6373264563904e3f0aacf19e7915ab2c7d41154a5840e454b88ee66caac0ff0008cfad54991b39e322b4a644cfdd3552644ec0d48ee50743c9205579149e8a2aeca8a3939aaf244b8e3752029ba9e981559d58e41e9575d541239f6a85e34dd9f9a861721d2d8a4cf1374eab5a6074ac3b90d1dc24e848d879fa56e40c1e25607a8cd04b1f8cfb9a694c9cd3cf1d3ad359867ad5ab9279ebe9df68b889e562426318638af49f865aa3c1af8b01304b7bb510b64f05b3f2e7f1fe75f3fa78b3551ff2d54ffc045747e18f18bc53ac973318990860ca3b83dab7c545bd51e96535d51a9a9f4c4b2cd65aa3dbcc48c92a54d5b8923487622edf2cf41e95957f7f16bfe1cb0f115b5c23bbc605c1031860393d6a8dc78af4fb0b6f32595490bf373c571469ca7a4753ef7118ba1470f1ab564a3d1faafccc8f8ab98bc377888a4bccca8a07524907fa52feccde0bbd9fc596fa9deda4cb6b62cd2ee653b0b80368cf4ce581fc2b8ff13fc5ed1fcd0ab089f6367e419391df9aebfe147c7eb4b69134d9326d3761609c2a1192492ac3fad7a787c24e3ab3e5338e24c3e2692a34a2fd7a7f99f5551581a5f88e0d7b4c5bad05a39e4dc04914842bc63d48ff00f5d6cdac4f1a6657df21fbc7b7e15b1f3564d5d13514514024145145001451450073df118a7fc21d7c9228659022107be5c5785f8ab4ed2b49d06deeec2fa49ae19c99e072a7cac8e318e71c77f6af68f8ab2f95e1855ce3ccb855fd18ff004af99b53d43473aadeaddf8e754752d221b192ce46851b270a0e3a2b01c8f4acea4a11f899d786c3d6acdfb35b6e72de22d7c202a7009e00155f49bf4b78fed3730b4ab8e003d2b1bc4da6cb737c855b698db91eb46986f2e656b15b16f363e36f9df787a8e2b3b685739d26afe23866b32883cb523a5720f7906edc8dfbcce6ad6a3a6ea3102b269d7ea59ca28f24b648ea011d6b02eed2ead10cf3c73c49eae98ef8a4e06d0a9a58eaa0bf8fc9c31e48a820b59f52bd5b6b24df3c99d8b9c7eb5cce9f25d190b4b9f2c8c8278af5ef81fe1cd435192e35a8ad5a48933046d918ddc163f963f3349dd112a89226f83df0fa7b1d746adacba89a25260854e70c78c9c71c0e95ed2b6f81d29de1cd22f2d4c8d716eabbba7ce0d6a490b8ce22071ef425ccb5386ad5e69192d0f1556684e7a56c4a9203c45fad5596372e014201ef9a9712533167887a5529e2c0adcb9848ed546e613d7150d0cc39622dfc58aa724257a38e3dab6668f68ce326a94b1860498cf352d0ee654b191d5c1fc2aacaac33f30ad1921c92361aa9344838f2ce7b54388ee67c81b3c95a8640deaa3f0ab9322839da6abbaa1fe134ac3b94e78b746c1b041f4a5d11c05680924a1e33e94f923539c06a8554c372b2a8201eb4213359b9c629bb334fc703d0d3b6fb55a5622e7cd6b02e781cfd29e90f0339fa8abb142c3b67d6ac24248c04e4d7a3b845d99dde9de3bbad23c14fa3da4a248e620b01fc07bff4fcabcebc41e28d4af87d98ce5231f7829eb5afa0787afb5dd425d3e04f2b62166761d2b1357d1a7d3ee5e196dc96424127a1a7460a9a68d71b899e2e7172da2ac63a59b302f8624f7cd4ed0c9010ebbb23d2b5b4c8d9631ba328314fbb11b121811cd5aa8ee63ecd58f58f809f142f74a48f4db88dae2e2de659619c361cc7901e363dc11d33d2bee007201afcd8f0d5acfa66ab6ba9a3b88437de419c7b63bd7e91593992ce191bab46a4fe22aaa4949264538f2b689a8a28ac8d428a28a002a3f3e0f3bc9f3a3f37aecdc377e55e7fe2cf1a5d5a35e697a869125a432c6e82462490a463771d71d7835f2d4faac9e17d72fef2faf607be92e0f91761f23c903388f3d09ef819e82b68517257319564b63ea6f8b3aae9b2d94366b7d0878662d2f3c2f18009e99e6bcabc67e2ed32cf59b3965b1d22c2d8aba22456111fb43e38dec549cf53c63b57ce3e31f889afebf69f60ba980b6f37cc0117693d7009efd6b1354f126ad7f1e9f6d7172ce96cc3cadc791c8ea7f0ad634e9adf523db55be8ec7a76a7a9c1ac6bf79730c2b092e72806071c038f7c556bb558dd27cba48878643861ee0d71be11b89bed97b7065cec2bc63a924ff857671dddadec415f01bb8ae1ad653d0efa2ef1d49eebc4b7bf6443fda0ae63c95dc83757217b2ddea773e6de4cd2004900f4fc856f4da75896fbf9f6cd66df1b4b58dd838e2b3723aa3cbd8c5d5ae162f917818ed56fc07e3ed7fc3f77247a65fcb046241bc2f3f2938381eb58179319dda43c0ec2b9b7b8960ba91e176424f2456d46c9ea71e295e3a1eff0fc5bf105a6b378e9ac5f4924f76b6b1c6f26f554451f755b203163c9c679aed2c3e2b7886296e66bc7b592118445688024f19c631dc57cb9e129269bc4101f34abe59f79e4a9da4e79ef577cdd4757d6feccb7f72d17987969090a33d6bb5469b5aa3cb6a69ee7d65e19f89336b5ae58e8ecf63f6ab9b8488c7103bc02793b727a0c9e7d2aeeade3a5b9f115de8fe1f81af658a564555899f0a38c9618e4fa018f7af27f8392d9e87e203aa24691b456f7220ed96103f27d4e71cd7316f249f6b958ccdcb96739fbcc7b9acabd08245d09ca52773da74ef12f881f535b09e147218875319dc39e475eb45e6b97f67e28b9965977e98cc2111103f7657e52e3fe059cfe1583e00d52c640ef72e9f6d80a792669d92365e7249552491c71c0e7ad321fedad5b4b862b03116b9133cdba376f989320e490065801c67ef579b0a725a33ba6e3d0f4370258c3a10411906aa4b1be71c573fe0bd526746d3a7deb3c2bb821524b2e3381f3574c8cb340aec0a1239563c8a3948b94264941c00bef9154a689f249dbcfb56b48aa727767f1aa9344a41f9ba7bd438949993246de8b559e36e7815a52a0e70dfad5692300f0e7f3a8686663ac9b8865502a1ba8d9a160061874ad19a219fbe6a131f3d77669582e1a6b196d50b7de0306ac34783c8a834e531dcbc44603f23eb5a7b0d5a259f3da47c802a6542a3ef63deaa79d21bc8e08a30d9ebcff002a93c46ed61120c8591c7009aee4ae4b691e83e0c67b36fb4a01874c16f5a3c416b6f7b3ef68c173c8245715f0e759b81a89b2b9ba6f2a45ca21e80d775a95ab4aa1e39ca01dc77ae49cdc256674c2d6b9cd5edab4513466cd580e983cd54834e8642098fbf208e6a7bfb8bb8ee3679acc0762383459dd949374a0263af3577763571ee741e4db59d9e8f6d05b249772df2058b19dfcf4fa57dd76e59a08d993631504afa1c74af803c09aaaeb3f143428d5495b6bd47f9ba10a727f957e81d6f1d8e596e1451455082b8ff8b1ad5d693e189134f9cc37971f2c6ea70ca07523dfdebb0ae4fe2468967ade9a90cd3fd96e5726de723e5ddfdd6f634e3b99d46d4743e6ed6fc4de279ad05b5cea535dc60fcbe731664cf5c13cf35e75e35995ee6082e76986eb8c119dae3a1f6eb5df78beca7d2b529acee936cc879f43ee3d41af30f892c1f49495460c720fc2ba54ac72f2dce2bc51025b5e0451b4f4c563ceff00bc8fdaa4d5279e79d649a42e48c824d559799075e94a4d5cd62b4d4d8d33517b39dd94fcaff7856f2deacd1892272323b1ae5204f30e3079f4a72cd2db31db9f715cf5617d4e8a53b6874df6a9c1cb4b263b60d675ecf24a7e6627ea6aa47aab18f6e41fad579ee8b36e240f6158f2dce95325beb81140403ce2b01c96624f7ab179334afd78aaedd0d6b08d8e7ab3e664da65c9b4ba1328e7695fcc62babf005bb4d25dce41e7080fb9eb5c5af539af45f0c5c4567e1bb7d9b43b96639fae3fa575d1d5ea71567689a5e20d51f4ebab0b5b77280060d83c9c823fad6b786349bdd4c88edd324f2eedd17ea6b97d12ce4f1478cd210e16181773b9e8a07f3af71d2d2d6c2c56d6d63f2a04fbcdfc4df5f73515a5765d08d911697e1db5b08957cc696e1c15dfd0018e481fe35d57822c753874e4f26fedc2a64048e10c5bf4073d07ff00aab0e494b1604ec6c7ce7fe79afa7d4d761e04905c5830109511be0607de07a7d4f6fd6b9b96eee6f51da261f897c3ba84937f69e9b7127f682900005506ce7e51c7bf19ec2a4b47956d4c97f7b716cc137ca1c4785f53c2f4aee2ea3050f00e07207e5c0ede82b0350b586e959240ad8c83b86411df3edd850e9ab98fb5ba3327b749ad04f6b753480fcc8cb3120fe5c11ebe9424b1c91ab752476a8e39a1d2eed6d258d60827f942edc2abf61f43ebd722b9fd4efef34ed66480333270ca1c0e41fa56556292b974e4e4ec6fc823feefe955a6116ee9fa53ecae8dcdb2ca108c8e453d89393e59ae768d0a0eb164f18fc2abb888723f956930ce495383556718fe06a561945ced91265ec6b6559194367a8acb950b23295238cf3459dec71c01253f329c5522647945b68379e16b82dae59345749c2c4e307f5ae1bc637d2ddea924d2fca49e147403d2bd9358bc87c57e25b99649d9d6252577b138fa66bc4bc5840d66751f300c47d2bd2942cb43969545396a41657124777118dd9640dc11dabd023f126a16f6cab3c65d76fde03ad617817407babf8aeee405811b77cdc66ba0d7a68269a60176852768f5ae3ae949aba3d0a4eda142f3c469311f2019f6ac0d6f5999f314476a9182475a835164425bf2e2b2276df2724e33574e1d8a9cdec7b07ecbf6915dfc4ad305c0387976827d6bf402be08fd94e30df13b4847231e6ee504f700e2bef7ad5992d428a2b96f8b3ac3e83f0e35cd561b8fb34d0dab79520382aed855c7e245203675bbf4b3b63f3ec94f2991c1ae27c4fac0ba8d2447e187cc99fbaddc7f5af9a746fda1f5fb7b8fb3788a36bdb7cffac89b0ebefb4fcadff8e9f7af43d23c79a0f896d8cfa55fc6ee065e2276bafd54f23f97a135ac558e5949c997fc63656daddaf9730db28188e51d54fbfa8af02f88d6b2d869b7b69771e6451818e879e083e9debdb2eb51cab00727b1af36f8bdf65bcf0c5ccf31092c299470393c81b4fe26b4048f9f2562650bd850dcc9cd228dd2fd297f8ea19a176ca4da7ae29f7f71e790c540603048ef5550d0dec3ad2be82ea432216c91c1a61dcab82726a47ef50c9d7ad4d8d39861eb51b9f9b029edeb4c1c9cd31028e3d6b6a0d51fec71c3d020c0ac745a5271d2aa32b19ca373d37e0d066b8bdb8ce72c01cfb73fd6badd73e24e81a36e8a2326a5749d12060114fbbf4cfd01af0b8b51bc86d64b382e248e193fd62ab6377d7fc2abe09ef9a5277292b1e83adfc57f105f3797631dae9d08e4044dedf525b209fc057a97ecb1e30bdd42ff005db4d6b50967fdc24f197c00b8255b18e727728e3debe6ec74ad4f0dea52e97aac17314922056c3ec38caf71529d8735cd1b1f716a1afd80057ed508c74c30c7d71e80703ad629f1069a8eccf728a00c819fc87f5feb5e431deb4b12bacc5d5fe6041ebef4c6b87c106438fe958caaa33544f4fd4b58d12fa130dc4aad1e7823a8c7391e849ae4f5dd4adee2fedc25c4734bb4ab38520b63a13ea793f9572cd37667e3eb496c9beee39413fbb39191d78ac6acd4a26d4e1cacf4bf0bc8ef6ee995e0e6b55d6519c15e6b9af094ac2e193781b96ba9c391f7867e9511d50e5a32ac8b281cedaad2acbb720a9abf3238fe21f955391642301d78f6a1a15c806fead8e9daa8cf6c1a5242f5abb224c7a3a83f4a231f2f3827bd3b0ae7845cf89a43733b5a4622b8762b88fbe7b0ab9a7f85a286d86a3ace7cf7f9c213d3f0f5ad7f01783cd85a0f13eb71a97957759c0ebd8ff1b0fe43f1f4abda846d7533492cb927a035d15abfd944e1b0e96b2393d4b58449e3b2b5015d8851edef5af71e1dd42d6c3ed1776eec1972acbc839fa54965e1e812fc5dccaac376466bd6bc3d74b269aaa31b546071dab1bc67a1bb972ee7ccdaf5bcab92cb800fa74ac78d73228db9e6bd7fe396a56f1c5f62862b712c84166441bb15e4962079800ce73deba609463a91cdcf2d0f62f81f04b63a943ab40fb2681d5a3c1e720835f776917b16a5a5db5fc246c9e30e3db3d47e078af87fe1a4462b7465195eb9afaafe08ea66ebc3b3d83b6e369202becaf9207e61ab0a7579a4d1f5f996531a595d3ab15ac5ebf3ff008363bfaf03fdb435e365e0ad3f47825db35cdc19a451ff003cd54af3ec4b7fe3b5ef6c428249000e4935e0bf1a748d3fc6ba8b4f705c241198612a7f8724e7f124d742693bb3e4649b5647c497b216725bae6a082f2eacee12e6ce7920950e5648d8ab29f622bd2fc53f0ee286494d8deb23293f24a33fa8ff000af3bd5f47bfd3dd96784951fc4bc83571a9196c43a728ad51da681f1535385560d5945c81d275187fc4743fa527c4af12c57fa5436d6b3ac8263e636de9b7b7ebfcaa1f805f0f64f88ff11acb41732476080dc5fca9c3242b8ce0f6249551fef67b5777fb6378274df07f8cf498b43d3a0b0d21f4c8d218e14006e4670c49eacc78258e49cd68a4b63268f088970a588eb474e69c58700702909f4a82c70e07069739a6a9a1b18ce78a004936e0f5cd567233523b75f7a81c814804739e2ade93a75c6a57ab6f6ebd71b98f4519c5535e4d747acc4ba5e8f6b60a85679409a7712ab64900852a3952bd39f7f5a76065ab59fc316b6ad0be9d0dc4eb2200f72f36594fdfff0056ca171e9cfd4d50d5adb4ebb856e34db596d24791c2c3e66f4745192cb9f997d304b679e78c56769f6c2e673bd8a4318df2be3eea8febd87b9abba55c0b9d7ade4318586375545c9c22e47a7f92734d5810961e19d4effc31a9788ad620f67a6490a5d91d53cd2c10fd32b8fc4543a568b7fa81c4109dbfde6e00afa5bf64583473e08f13417f04370b7f7096f3c520043c6a848041f776af36b8d35f41f10ea1a2b9cfd927689588c6e5cfcadf88c1fc6a6baf6705243a2d549b8b3948bc16238835cdd963dd51703f334d3a1d940d90a5b1fde35daca37c647515857e85588fcabcf75e523d5a78785b6373c31666fec1447332793f26d07803b56bae8ad9cb48c7eb587f0e6e71ad3da336d1321dbeec39fe59af446b5c7763594a4d1cd522a2ec7390e8cb90c58e455d82c028e4f35a696923361439fa55b8f49bd908db6f373fec9a9d5909d8a36625b791648dc822bb2b27f3ed925dc72473cd63c7e1fbe6c6e5dbf5357ec74bbdb46c19ff00767aa835b53badcca7665f7504637374c75aaaf6e03677364fbd5936fdb7bf4f5a8de1e9f3bfe75a58ccaaf07abb7e7517d9fd1dead4917fb6df9d44625cfcccff009d52881c278b7c5316a770591c04cf005738d7cb9fbc4023d68a2b8d7c563ae2b426b59cbc8a59fe5ec01aefb4e90c5a38c70c4741da8a2b7a4ad76635f647837c53bd13f881e30c4943c9cd73fa673708727ef75a28aeddd134be247d03f0f4c7fd95b704b7072057be7ecf93937fac4073feaa16fc8bff008d14579d434aa7e9f9c2be513f97e68ecfe20eb42d2dd74d85f12cc332107eea7ff5ff00a5799ea338d87a60514576b7a9f9a44f1cf1c5ca36a3318f1b6bce75eb805587068a2b960ff78773f80fb03f654f87f1f83be1ec7aa5e5a247ac6b58b9998a61e3888fddc79ebd3e623d58fa573ffb746870dffc29b5d6044a6e34dbf4fde63911c8a548ff00beb651457727a9e633e17270d81fa5293f2f145156663a33c5121e68a28405776a818e4f39a28a064b1fde005763f10ede196f60bc826b52f785a48a082221846c728cc7a1639c71d314514d7527a9ceea12adadb2e9d0e32adba7707ef3fa67d17f9926a4d1008209af9c0380638fe6e77b0c74fa1273ed45149147d27f07be16ea9278234fd560b954fed156b865c0f94670bd48ea003f8d627c5df086a3e19d52cb51ba5062bc0632ea41f9d71d704f623f2a28ae4a91dddcde94f548c1d3eddeed484e98aa5ade992449bc8c81d68a2b9227a106cc6d12e574fd7ed2ea452d1c52ab3807195cf23f2cd7d430681a398d278519d5806525c90411c5145744229ad4e3c636a5a13a585ac65846854e011863fe348d022f20b67af2c68a2b5e5471733219117b939fad4050658927f3a28a760b90ba286ead9fad43220f53f9d1453b0c89a35c77e3dea07897777345154908ffd9, 'image/jpeg');

-- --------------------------------------------------------

--
-- Table structure for table `employee_fingerprint_templates`
--

CREATE TABLE `employee_fingerprint_templates` (
  `template_id` bigint(20) UNSIGNED NOT NULL,
  `employee_id` int(10) UNSIGNED NOT NULL,
  `template_index` tinyint(3) UNSIGNED NOT NULL DEFAULT 1,
  `template_data` longblob NOT NULL,
  `template_quality` decimal(5,2) DEFAULT NULL,
  `finger_position` varchar(50) DEFAULT NULL,
  `created_at` timestamp NOT NULL DEFAULT current_timestamp(),
  `updated_at` timestamp NOT NULL DEFAULT current_timestamp() ON UPDATE current_timestamp()
) ENGINE=InnoDB DEFAULT CHARSET=utf8mb4 COLLATE=utf8mb4_unicode_ci;

--
-- Dumping data for table `employee_fingerprint_templates`
--

INSERT INTO `employee_fingerprint_templates` (`template_id`, `employee_id`, `template_index`, `template_data`, `template_quality`, `finger_position`, `created_at`, `updated_at`) VALUES
(25, 35, 1, 0x00f87e01c82ae3735cc0413709ab71b0ae145592cb7db861b2699cb2403ef011760257b4814b06ecff91d1051b1cb3aeb0d7e7226bff52b9c1565365c431d59e44050e8b268fa5ccbb7df7dcf5d79ec481a55cf36025919ee4933b406c2a08831377ae3d6447e51a6fe35c5e5038d107b8a1cadb6b85635a688e26110dbd58a1e82d145bec54c8de89a96f55a7cbdc7d0bdec6ba2d1f0a1342428a387406e933e7a0817bdd195cb9b37aa6a6bb4f83f87a82ac438350ca633732d726d01cf0a9c36d8326e7a39f177be2368d35cefa78750d90bffc968af130f6bfcd166d251fae5fde10b2cfa41b12c6452abfb247b3294d9e27ea9093a660b94a84415f5c06561a2e71af6779a478000dad79b022e39b87e03adb25ae132ee89a725eb6995424c9e4ed31e6537628609b1bb9746bba62e8c3e05b04bef6c51ea1fc0ea8f810b3d087fb0a452b52de09fc7908de03cd362ef1aa2befd9051bdeb19f8c4e6a7fbf5fbc2bc3a13e8cc1f473891e48f1c1f9f1d4a6dfaaf5f3792d9942928d9f62947b6f00f88001c82ae3735cc0413709ab71b08414559286f95926cdf60d8c366db73b28477b73371a58f5a922d03ad08edb3abe124ee7a55f55cc26900630a73ab35dfa9b95cbffdce952eacca727a1093a88c086d06d9b9d903ab9db845db5ade1de2974b82f48f25d031e4b2eddb38bf3ff5efb64dd8f6c3714532ba4168858e76122a5d139a10e8d81a25153e134243c395b8b5d781d7ff93d300ad126e8ef21752c264e2e659d3e4b2ebb2e5da0dcf252bfc6c435c6bcb707a8f35b63ed06f9d393976f0bde7f280fc383ca62037032ee968ad17763e9c538dfd38eb6cc71104c27f5c2d348aa79288ea55eca1a39080d4ec768e54f4b322b53712893be3e7f9755cbc0d6e528da2fcf7bd12c8be892f724166ec84aa7b45e640391a1836fc268be5dd58e6399cb9e6c5ba51d2f91da7aff3af1f9d96f01973b9f9610f8ef039a092b3133334467c94775bb57c7914fcbf91109d3e2b7793355871aa09414c549c95b7de26612eb5fb8cf4a3f704743d69e909ab2ae7cd4c12fd1655d4032d7b09c84450c6f00f88101c82ae3735cc0413709ab71f09614559210b611f658e5aa2223dc863118d9f6355edf882799e740e2c68c87570428b116bd54c6d6f68accf8c1fd2e220edc8bd6ea47c42bf733d5231da7515c2b36e9f7856ffa21a9bf8aaf72dac9d01222352207fe7f38a100e46a561635836a60a68011c8311fc3ecc7f5ef4b009c76a7815bad54754a9002334de7cfbb75dbbf910dc984a2617d9c0e40f6cad6580c53c46ab540528abb6e881136df0408e4c463d758d5a1e6f15329caad90307cf9350f0f8e500a2b9664f2a213df65ddef9c50019e09bfc63d60fbdc14c5906e49e02b97c74ccccd5e8688e0f499e11e8901ce37ad31ffd2bac2b56afa59729d4bf1b40eefe913d2518f359a8d7a0d614f386cc4012b14f94d7f6a102a3e9bee968c835f3234943feb46b94223b97772e265dee142e3a21505683c1afb6d57072d1f916404ab6adc74d02d50f7b8c6ca77be19b4431fe7f7155f1c5b24e7b5e41efad81123a6db343ad40f757d774d2d5bb9ab5a28a6c0758ec07bf5387d97eeef3a8201426f00e87e01c82ae3735cc0413709ab71b09e14559269f6bd7aa61e7c90348c406442816a88f3683c42a091dbb493433e7680b5d91eb2fbcfd173790a5a1258ab006fdd014e405ec31fce28fb48650847dc95e8f345e04fa9dc8f8dae21e702778471e846aa4dfbf9a10320e4e5cbb59f1aa8ab44c9c29ce107dfc85c8ef479f34e40edda26054ff9c907255f4793e7897454afd2aacb307daeaef8588194f64a8507ce081010334ec1df16c799c8fb2a603b58de6168b1f445206f12406f246847b534e2bd0342b2443d81d7cfd32c4026902d0bc6ba1271eb88e740c3c5f810ddc61a2027b2c63e31a6fba4aae9eaa2a82ccdc9cb90142b2daea0735ffa31fd4c4dfdb65d457e10b47c50980bd94fc3ff18fb37709f45252ac44a9c3bde8f9e3554c31940edfb5bfc03971289b0df16fdc22df0cc24c15f55f14a5a8568311afeb882adb6e958b3464cc0228c3a3fdb7e313f328c6403755f0538a5d69b39000d12b8eca4750ee59400082436bdbdfadb6f860af0dd1463b4281feb5d48536fa28ce36f00000000000000000000000000000000000000000000000000000000000000000000000000000000000000000000000000000000000000000000000000000000000000000000000000000000000000, 85.00, 'Index Finger (Primary)', '2025-09-12 17:55:43', '2025-09-12 17:55:43'),
(26, 35, 2, 0x00f88001c82ae3735cc0413709ab71709714559293a0b4b99d13ece4edcd8c1f28225b15aff352329a745ef4fb29f953441eef3dd958773357fc11230dd7d599cb24e45acc8b1812760288ed5eb7fe42a8ec7c7dc84ae0e55ae3c08d8b81540ff0f630d9228a59d7943371a484e00ac7c1fc58c64e7b74524b3ec1f17374a54f68b90cc25eb135de0f4d950884727188a645769e9d86b1672d075139277556da66a0461783a6e68eb857fb7be39d0e44a930475c35e20cd6a32abe6e0499c27c33c3cb0e4ea9b63848b4e6756ea9694ab9b6b8fdc48237ccc47fdef0a9066dc2ee5128591e01dc58b380768183c6fc0313fa8ffc8aad2537c4257229ab075b0af903a06f92695692d67eaae7db1b5c7f0c526f0ac830ed9dc25af894eab9cdea28d35eeaf718d9d5472df6ff0a823f877b8b1a3c13c500a952558f2e2d266fc1ed0006c631c3301177095240f2582e0523f008803bc10abcbe4afab26c9ff885f5223a03af60d5327154f28c93b8f50325de6dfe86c8edfaecc0e6d2f56c7147b3b21a3f6f00f87e01c82ae3735cc0413709ab7130b01455924110350f46dd3147c827b3618fdb2a21453aa8417c9283cb61410b6d8d39a56e3a5f9ef8ff38d5ca973608bf244c524e9a7aa59c49ac18c2b8ff18702b0445fea9a2d39661f17d461d6b2905970600890d204e55bb8f8b5f5af2d2bf980f573e94f696817173d49b2f27e78c46ae754d1309b9d47038c957ea4ca304708825fd6f5f6953a3247a26ecae3590e59397d373705ec0688057ca06194bb5d09cb4a4d5eecd8e19060b07f3d2a6dc8df7cd79b9e16606a166c208c213590cc4e62fe95d458dee13e5895a069bbf077422862154b894114ba623bcad93d3aee8bb1800999e443413742c1165aef2cad11bacdd534dc062f3ffabe1d340df95146e98d959474d8b580dfb408020cd98e8677939b80fabddab62f481dd4c8bf6ebf9b5be4abbde4b3239ad3130a4082a24f35af86efd28a02f7c8e78e2d1363099b9bd90785be8533a18687b425731022901fb811278905a20572e8b2704dc8eb286168a7cf60d886defa254df0f9dae43b16f00f88001c82ae3735cc0413709ab713082145592037af900215bea8ea68b83de69f04f4dd4d6537dc04031ebfb82e02cef4c936ab0487ff0ea644ce13bb6c702b669a31df1d9feeed8aa2b1bdea6b3d99c987d4c43fef3e65fb988d1cd6a838fd7c4cb586716c685fef97c4bc581a6fc3a5da3683a931524392cbd1af5c53e8913f3dbfa0b48044de23875e970c2540691621008198b0ed6678362796f1ce60835bddec7060ce95fa76a1c1cef9a9025683986b7e18a18d818dc35abd01853e0415a0336e7a3786ce07bf32de4153905ff2f346e4ef145676fa93086f9c0a6293ac41917d9eb1ca7cd2b9ede009721d42e8b08cd81b4f80cf2d483cc4671493e74d845b6665fe78f1d424e4ea7c67a4ff26695ebacb434786de4bbc05d4d4eace696505c35fbc992c25724a0ce9f13a58a3bbede20ebefbfe582e61a350cd29228bda0ddb3a920df8abe97c36611fcd05bb218d078c1f17979f590297309fa912a23749103bcd8dce436d3f04506b86f33af78f958b4254f841ecb9482978a5353bd37db6f00e87f01c82ae3735cc0413709ab71b097145592c9b7b26d29908afd674e926b8ef1acb49e5fa05cae25764d3590b093fa5f0221708d01e78ebbd21031921dc7b5ab5d641fa26875c096b7f50cb4bfaf89ad4b7207f4b423c8a05e3ee600bcce7f9e10200e11344239db130eb9be506f2f241cb051014b200679fa4ca0c008bfe1efda40e698bbce163890ac61ea3fb21d6ebcf783f4b9ed4993e04df36f66d5d616ba33ed13518418be9d144f0cd405c1cc291a29ee6c8f179ffa55eb2ff02084983b6991e500553b6bea2113e6b8d3a4f20686195c32e60efd9b052f9fc17985d7122c7e1976ad3c357488ffd064c826add46907ec4beb50a0469bb64235cf68f41f14898b89236794ed7acacc38f8cfcd3f4664f2ace3bd365777603f2d5e4665bfe62f1c6ca56bfc50dc3ee4e6c4477b36b383a72b0f3b8f6c9b970bd7c1421e37b0c6d9599036cd02caa88936ed9bad3893e4dfec807d9093a64a57d99f4469584a2aae1ba0eca2bf27ed9b0d9ea7b03e329a103e72ce8875ade48f5cb25626c06f00000000000000000000000000000000000000000000000000000000000000000000000000000000000000000000001f00001fc7411a0050a55314e03e620e00000000000000000000000000000000, 85.00, 'Thumb (Backup)', '2025-09-12 17:55:43', '2025-09-12 17:55:43');

-- --------------------------------------------------------

--
-- Table structure for table `kiosks`
--

CREATE TABLE `kiosks` (
  `kiosk_id` int(10) UNSIGNED NOT NULL,
  `location` varchar(100) DEFAULT NULL,
  `is_active` tinyint(1) NOT NULL DEFAULT 1
) ENGINE=InnoDB DEFAULT CHARSET=utf8mb4 COLLATE=utf8mb4_unicode_ci;

--
-- Dumping data for table `kiosks`
--

INSERT INTO `kiosks` (`kiosk_id`, `location`, `is_active`) VALUES
(1, 'IT Department - Ground Floor', 1),
(2, 'HR Department - 2nd Floor', 1),
(3, 'Finance Department - 3rd Floor', 1),
(4, 'Marketing Department - 4th Floor', 1);

-- --------------------------------------------------------

--
-- Table structure for table `migrations`
--

CREATE TABLE `migrations` (
  `id` int(10) UNSIGNED NOT NULL,
  `migration` varchar(255) NOT NULL,
  `batch` int(11) NOT NULL
) ENGINE=InnoDB DEFAULT CHARSET=utf8mb4 COLLATE=utf8mb4_unicode_ci;

--
-- Dumping data for table `migrations`
--

INSERT INTO `migrations` (`id`, `migration`, `batch`) VALUES
(23, '2019_12_14_000001_create_personal_access_tokens_table', 1),
(24, '2025_08_21_154616_create_roles_table', 1),
(25, '2025_08_21_154712_create_departments_table', 1),
(26, '2025_08_21_154729_create_admins_table', 1),
(27, '2025_08_21_154743_create_employees_table', 1),
(28, '2025_08_21_154757_create_kiosks_table', 1),
(29, '2025_08_21_154813_create_attendance_logs_table', 1),
(30, '2025_08_21_154832_create_dtr_reports_table', 1),
(31, '2025_08_21_154849_create_dtr_report_details_table', 1),
(32, '2025_08_21_154908_create_dtr_report_summaries_table', 1),
(33, '2025_08_21_155024_create_dtr_detail_overrides_table', 1);

-- --------------------------------------------------------

--
-- Table structure for table `personal_access_tokens`
--

CREATE TABLE `personal_access_tokens` (
  `id` bigint(20) UNSIGNED NOT NULL,
  `tokenable_type` varchar(255) NOT NULL,
  `tokenable_id` bigint(20) UNSIGNED NOT NULL,
  `name` varchar(255) NOT NULL,
  `token` varchar(64) NOT NULL,
  `abilities` text DEFAULT NULL,
  `last_used_at` timestamp NULL DEFAULT NULL,
  `expires_at` timestamp NULL DEFAULT NULL,
  `created_at` timestamp NULL DEFAULT NULL,
  `updated_at` timestamp NULL DEFAULT NULL
) ENGINE=InnoDB DEFAULT CHARSET=utf8mb4 COLLATE=utf8mb4_unicode_ci;

-- --------------------------------------------------------

--
-- Table structure for table `roles`
--

CREATE TABLE `roles` (
  `role_id` int(10) UNSIGNED NOT NULL,
  `role_name` varchar(50) NOT NULL
) ENGINE=InnoDB DEFAULT CHARSET=utf8mb4 COLLATE=utf8mb4_unicode_ci;

--
-- Dumping data for table `roles`
--

INSERT INTO `roles` (`role_id`, `role_name`) VALUES
(1, 'super_admin'),
(2, 'admin'),
(3, 'employee');

--
-- Indexes for dumped tables
--

--
-- Indexes for table `admins`
--
ALTER TABLE `admins`
  ADD PRIMARY KEY (`admin_id`),
  ADD UNIQUE KEY `admins_username_unique` (`username`),
  ADD KEY `admins_role_id_foreign` (`role_id`),
  ADD KEY `admins_department_id_foreign` (`department_id`);

--
-- Indexes for table `attendance_logs`
--
ALTER TABLE `attendance_logs`
  ADD PRIMARY KEY (`log_id`),
  ADD KEY `attendance_logs_employee_id_foreign` (`employee_id`);

--
-- Indexes for table `departments`
--
ALTER TABLE `departments`
  ADD PRIMARY KEY (`department_id`);

--
-- Indexes for table `dtr_detail_overrides`
--
ALTER TABLE `dtr_detail_overrides`
  ADD PRIMARY KEY (`override_id`),
  ADD UNIQUE KEY `dtr_override_unique` (`report_id`,`employee_id`,`date`),
  ADD KEY `dtr_detail_overrides_employee_id_date_index` (`employee_id`,`date`);

--
-- Indexes for table `dtr_reports`
--
ALTER TABLE `dtr_reports`
  ADD PRIMARY KEY (`report_id`),
  ADD KEY `dtr_reports_admin_id_foreign` (`admin_id`),
  ADD KEY `dtr_reports_department_id_foreign` (`department_id`);

--
-- Indexes for table `dtr_report_details`
--
ALTER TABLE `dtr_report_details`
  ADD PRIMARY KEY (`detail_id`),
  ADD KEY `dtr_report_details_report_id_foreign` (`report_id`),
  ADD KEY `dtr_report_details_employee_id_foreign` (`employee_id`);

--
-- Indexes for table `dtr_report_summaries`
--
ALTER TABLE `dtr_report_summaries`
  ADD PRIMARY KEY (`summary_id`),
  ADD UNIQUE KEY `dtr_report_summaries_report_id_employee_id_unique` (`report_id`,`employee_id`),
  ADD KEY `dtr_report_summaries_employee_id_foreign` (`employee_id`);

--
-- Indexes for table `employees`
--
ALTER TABLE `employees`
  ADD PRIMARY KEY (`employee_id`),
  ADD KEY `employees_department_id_foreign` (`department_id`);

--
-- Indexes for table `employee_fingerprint_templates`
--
ALTER TABLE `employee_fingerprint_templates`
  ADD PRIMARY KEY (`template_id`),
  ADD UNIQUE KEY `unique_employee_template` (`employee_id`,`template_index`),
  ADD KEY `idx_employee_id` (`employee_id`),
  ADD KEY `idx_template_index` (`template_index`);

--
-- Indexes for table `kiosks`
--
ALTER TABLE `kiosks`
  ADD PRIMARY KEY (`kiosk_id`);

--
-- Indexes for table `migrations`
--
ALTER TABLE `migrations`
  ADD PRIMARY KEY (`id`);

--
-- Indexes for table `personal_access_tokens`
--
ALTER TABLE `personal_access_tokens`
  ADD PRIMARY KEY (`id`),
  ADD UNIQUE KEY `personal_access_tokens_token_unique` (`token`),
  ADD KEY `personal_access_tokens_tokenable_type_tokenable_id_index` (`tokenable_type`,`tokenable_id`);

--
-- Indexes for table `roles`
--
ALTER TABLE `roles`
  ADD PRIMARY KEY (`role_id`);

--
-- AUTO_INCREMENT for dumped tables
--

--
-- AUTO_INCREMENT for table `admins`
--
ALTER TABLE `admins`
  MODIFY `admin_id` int(10) UNSIGNED NOT NULL AUTO_INCREMENT, AUTO_INCREMENT=6;

--
-- AUTO_INCREMENT for table `attendance_logs`
--
ALTER TABLE `attendance_logs`
  MODIFY `log_id` int(10) UNSIGNED NOT NULL AUTO_INCREMENT, AUTO_INCREMENT=82;

--
-- AUTO_INCREMENT for table `departments`
--
ALTER TABLE `departments`
  MODIFY `department_id` int(10) UNSIGNED NOT NULL AUTO_INCREMENT, AUTO_INCREMENT=5;

--
-- AUTO_INCREMENT for table `dtr_detail_overrides`
--
ALTER TABLE `dtr_detail_overrides`
  MODIFY `override_id` bigint(20) UNSIGNED NOT NULL AUTO_INCREMENT;

--
-- AUTO_INCREMENT for table `dtr_reports`
--
ALTER TABLE `dtr_reports`
  MODIFY `report_id` int(10) UNSIGNED NOT NULL AUTO_INCREMENT;

--
-- AUTO_INCREMENT for table `dtr_report_details`
--
ALTER TABLE `dtr_report_details`
  MODIFY `detail_id` int(10) UNSIGNED NOT NULL AUTO_INCREMENT;

--
-- AUTO_INCREMENT for table `dtr_report_summaries`
--
ALTER TABLE `dtr_report_summaries`
  MODIFY `summary_id` int(10) UNSIGNED NOT NULL AUTO_INCREMENT;

--
-- AUTO_INCREMENT for table `employees`
--
ALTER TABLE `employees`
  MODIFY `employee_id` int(10) UNSIGNED NOT NULL AUTO_INCREMENT, AUTO_INCREMENT=36;

--
-- AUTO_INCREMENT for table `employee_fingerprint_templates`
--
ALTER TABLE `employee_fingerprint_templates`
  MODIFY `template_id` bigint(20) UNSIGNED NOT NULL AUTO_INCREMENT, AUTO_INCREMENT=27;

--
-- AUTO_INCREMENT for table `kiosks`
--
ALTER TABLE `kiosks`
  MODIFY `kiosk_id` int(10) UNSIGNED NOT NULL AUTO_INCREMENT, AUTO_INCREMENT=5;

--
-- AUTO_INCREMENT for table `migrations`
--
ALTER TABLE `migrations`
  MODIFY `id` int(10) UNSIGNED NOT NULL AUTO_INCREMENT, AUTO_INCREMENT=34;

--
-- AUTO_INCREMENT for table `personal_access_tokens`
--
ALTER TABLE `personal_access_tokens`
  MODIFY `id` bigint(20) UNSIGNED NOT NULL AUTO_INCREMENT;

--
-- AUTO_INCREMENT for table `roles`
--
ALTER TABLE `roles`
  MODIFY `role_id` int(10) UNSIGNED NOT NULL AUTO_INCREMENT, AUTO_INCREMENT=4;

--
-- Constraints for dumped tables
--

--
-- Constraints for table `admins`
--
ALTER TABLE `admins`
  ADD CONSTRAINT `admins_department_id_foreign` FOREIGN KEY (`department_id`) REFERENCES `departments` (`department_id`),
  ADD CONSTRAINT `admins_role_id_foreign` FOREIGN KEY (`role_id`) REFERENCES `roles` (`role_id`);

--
-- Constraints for table `attendance_logs`
--
ALTER TABLE `attendance_logs`
  ADD CONSTRAINT `attendance_logs_employee_id_foreign` FOREIGN KEY (`employee_id`) REFERENCES `employees` (`employee_id`);

--
-- Constraints for table `dtr_reports`
--
ALTER TABLE `dtr_reports`
  ADD CONSTRAINT `dtr_reports_admin_id_foreign` FOREIGN KEY (`admin_id`) REFERENCES `admins` (`admin_id`) ON DELETE SET NULL,
  ADD CONSTRAINT `dtr_reports_department_id_foreign` FOREIGN KEY (`department_id`) REFERENCES `departments` (`department_id`) ON DELETE SET NULL;

--
-- Constraints for table `dtr_report_details`
--
ALTER TABLE `dtr_report_details`
  ADD CONSTRAINT `dtr_report_details_employee_id_foreign` FOREIGN KEY (`employee_id`) REFERENCES `employees` (`employee_id`) ON DELETE CASCADE,
  ADD CONSTRAINT `dtr_report_details_report_id_foreign` FOREIGN KEY (`report_id`) REFERENCES `dtr_reports` (`report_id`) ON DELETE CASCADE;

--
-- Constraints for table `dtr_report_summaries`
--
ALTER TABLE `dtr_report_summaries`
  ADD CONSTRAINT `dtr_report_summaries_employee_id_foreign` FOREIGN KEY (`employee_id`) REFERENCES `employees` (`employee_id`) ON DELETE CASCADE,
  ADD CONSTRAINT `dtr_report_summaries_report_id_foreign` FOREIGN KEY (`report_id`) REFERENCES `dtr_reports` (`report_id`) ON DELETE CASCADE;

--
-- Constraints for table `employees`
--
ALTER TABLE `employees`
  ADD CONSTRAINT `employees_department_id_foreign` FOREIGN KEY (`department_id`) REFERENCES `departments` (`department_id`);

--
-- Constraints for table `employee_fingerprint_templates`
--
ALTER TABLE `employee_fingerprint_templates`
  ADD CONSTRAINT `fk_employee_templates_employee` FOREIGN KEY (`employee_id`) REFERENCES `employees` (`employee_id`) ON DELETE CASCADE ON UPDATE CASCADE;
COMMIT;

/*!40101 SET CHARACTER_SET_CLIENT=@OLD_CHARACTER_SET_CLIENT */;
/*!40101 SET CHARACTER_SET_RESULTS=@OLD_CHARACTER_SET_RESULTS */;
/*!40101 SET COLLATION_CONNECTION=@OLD_COLLATION_CONNECTION */;
